{"train_loss": -10.419698715209961, "epoch": 2, "batch": 1060, "_runtime": 3478, "_timestamp": 1663222522, "_step": 54, "val_loss": -11.122236251831055}